claim_id,actual_class,python_prediction,Invalid_probability,Manual_Review_probability,Valid_probability,top_confidence
740,Manual Review,Invalid,0.93087614,0.068810284,0.0003136245,0.93087614
469,Manual Review,Valid,0.0006951982,0.03656346,0.9627414,0.9627414
1107,Invalid,Manual Review,0.1649413,0.8346478,0.00041095846,0.8346478
542,Manual Review,Invalid,0.9942674,0.005655566,7.709782e-05,0.9942674
148,Manual Review,Invalid,0.99030775,0.0095438715,0.00014834217,0.99030775
1053,Manual Review,Invalid,0.8796499,0.11995293,0.0003972127,0.8796499
35,Manual Review,Invalid,0.9956995,0.004134625,0.00016590171,0.9956995
1327,Invalid,Manual Review,0.49508962,0.5040432,0.00086717313,0.5040432
1454,Manual Review,Valid,0.00013764523,0.10429874,0.8955636,0.8955636
470,Manual Review,Invalid,0.9891438,0.010681087,0.00017512795,0.9891438
823,Manual Review,Invalid,0.99535537,0.004595132,4.9485665e-05,0.99535537
1073,Manual Review,Invalid,0.87393486,0.12579186,0.0002732621,0.87393486
313,Manual Review,Invalid,0.9932475,0.0066881455,6.436206e-05,0.9932475
1166,Manual Review,Invalid,0.94209075,0.057623185,0.0002860819,0.94209075
311,Manual Review,Valid,0.0002766313,0.010265228,0.9894581,0.9894581
1280,Manual Review,Invalid,0.9692564,0.03054727,0.00019629397,0.9692564
225,Manual Review,Invalid,0.6761463,0.32342803,0.00042565045,0.6761463
402,Invalid,Manual Review,0.30010206,0.6997225,0.00017546234,0.6997225
